{
    "step": 0,
    "train": {
        "loss": -328050540544.0,
        "accuracy": 0.1664000004529953,
        "mean_squared_error": 0.8352674245834351,
        "auc": 0.5002481937408447
    },
    "eval": {
        "loss": -1754485227520.0,
        "accuracy": 0.16766667366027832,
        "mean_squared_error": 0.8323333263397217,
        "auc": 0.5
    }
}