{
    "step": 0,
    "train": {
        "loss": -234109861888.0,
        "accuracy": 0.1664000004529953,
        "mean_squared_error": 0.835769534111023,
        "auc": 0.5001885294914246
    },
    "eval": {
        "loss": -1267134365696.0,
        "accuracy": 0.16766667366027832,
        "mean_squared_error": 0.8323333263397217,
        "auc": 0.5
    }
}