{
    "step": 9,
    "train": {
        "loss": -9860873396944896.0,
        "accuracy": 0.16641665995121002,
        "mean_squared_error": 0.8335833549499512,
        "auc": 0.5
    },
    "eval": {
        "loss": -1.1502689070350336e+16,
        "accuracy": 0.16766667366027832,
        "mean_squared_error": 0.8323333263397217,
        "auc": 0.5
    }
}