{
    "step": 0,
    "train": {
        "loss": -350432559104.0,
        "accuracy": 0.16638332605361938
    },
    "eval": {
        "loss": -1872891215872.0,
        "accuracy": 0.16766667366027832
    }
}